{"cameraMode":{"drawMode":0,"name":"Shaded","section":"Shading Mode"},"sceneLighting":true,"audioPlay":false,"sceneViewState":{"showFog":true,"showMaterialUpdate":true,"showSkybox":true,"showFlares":true,"showImageEffects":true,"showParticleSystems":true},"in2DMode":false,"pivot":{"x":1.5253121852874756,"y":2.3544225692749025,"z":-1.1314961910247803},"rotation":{"x":0.2822258174419403,"y":-0.5586492419242859,"z":0.3310978412628174,"w":0.7061402797698975},"size":19.158227920532228,"orthographic":false}