{"cameraMode":{"drawMode":0,"name":"Shaded","section":"Shading Mode"},"sceneLighting":true,"audioPlay":false,"sceneViewState":{"showFog":true,"showMaterialUpdate":true,"showSkybox":true,"showFlares":true,"showImageEffects":true,"showParticleSystems":true},"in2DMode":false,"pivot":{"x":0.31880784034729006,"y":4.26397705078125,"z":-5.70176887512207},"rotation":{"x":0.25774645805358889,"y":0.01154572144150734,"z":-0.0030942033044993879,"w":0.9661382436752319},"size":12.059072494506836,"orthographic":false}